PRODUTO,MOD+GGF
CADERNETA 9X13 - COURO SINTÉTICO,5.51
CADERNETA 9X13 - POLICROMIA,5.51
CADERNETA 14X21 - COURO SINTÉTICO,5.51
CADERNETA 14X21 - POLICROMIA,5.51
FICHARIO A5 - COURO SINTÉTICO,8.27
FICHARIO A5 - POLICROMIA,8.27
FICHARIO 17X24 - COURO SINTÉTICO,8.27
FICHARIO 17X24 - POLICROMIA,8.27
FICHARIO A6 - COURO SINTÉTICO,8.27
FICHARIO A6 - POLICROMIA,8.27
CADERNO WIRE-O 17X24 - COURO SINTÉTICO,5.51
CADERNO WIRE-O 17X24 - POLICROMIA,5.51
CADERNO WIRE-O 20X28 - COURO SINTÉTICO,5.51
CADERNO WIRE-O 20X28 - POLICROMIA,5.51
REVISTA 14X21 - COURO SINTÉTICO,1.65
REVISTA 14X21 - POLICROMIA,1.65
REVISTA 19X25 - COURO SINTÉTICO,1.65
REVISTA 19X25 - POLICROMIA,1.65
CADERNO ORGANIZADOR A5 - COURO SINTÉTICO,11.02
CADERNO ORGANIZADOR A5 - POLICROMIA,11.02
CADERNO ORGANIZADOR 17X24 - COURO SINTÉTICO,11.02
CADERNO ORGANIZADOR 17X24 - POLICROMIA,11.02
PLANNER WIRE-O A5 - POLICROMIA,6.61
PLANNER WIRE-O A5 - COURO SINTÉTICO,6.61
BLOCO WIRE-O 12X20 - POLICROMIA,5.51
BLOCO WIRE-O 12X20 - COURO SINTÉTICO,5.51
REVISTA 9X13 - POLICROMIA,1.65
REVISTA 9X13 - COURO SINTÉTICO,1.65
