PRODUTO,MOD+GGF
CADERNETA 9X13 - Couro Sintético,5.51
CADERNETA 9X13 - Policromia,5.51
CADERNETA 14X21 - Couro Sintético,5.51
CADERNETA 14X21 - Policromia,5.51
FICHARIO A5 - Couro Sintético,8.27
FICHARIO A5 - Policromia,8.27
FICHARIO 17X24 - Couro Sintético,8.27
FICHARIO 17X24 - Policromia,8.27
FICHARIO A6 - Couro Sintético,8.27
FICHARIO A6 - Policromia,8.27
CADERNO WIRE-O 17X24 - Couro Sintético,5.51
CADERNO WIRE-O 17X24 - Policromia,5.51
CADERNO WIRE-O 20X28 - Couro Sintético,5.51
CADERNO WIRE-O 20X28 - Policromia,5.51
REVISTA 14X21 - Couro Sintético,1.65
REVISTA 14X21 - Policromia,1.65
REVISTA 19X25 - Couro Sintético,1.65
REVISTA 19X25 - Policromia,1.65
CADERNO ORGANIZADOR A5 - Couro Sintético,11.02
CADERNO ORGANIZADOR A5 - Policromia,11.02
CADERNO ORGANIZADOR 17X24 - Couro Sintético,11.02
CADERNO ORGANIZADOR 17X24 - Policromia,11.02